"indicator_code","unit","geo","time","value","year","month","day","frequency","estimate","db_source"
"forest_cover_data","percent","BE3","1/1/2015",35.0678062438965,2015,1,1,"Y","missing","harmonized_nighttime_light_data"
"forest_cover_data","percent","BE3","1/1/2019",32.2659149169922,2019,1,1,"Y","missing","harmonized_nighttime_light_data"
"forest_cover_data","percent","BE3","1/1/2016",35.6686325073242,2016,1,1,"Y","missing","harmonized_nighttime_light_data"
"forest_cover_data","percent","BE3","1/1/2017",35.2195205688477,2017,1,1,"Y","missing","harmonized_nighttime_light_data"
"forest_cover_data","percent","BE3","1/1/2018",35.0102653503418,2018,1,1,"Y","missing","harmonized_nighttime_light_data"
"forest_cover_data","percent","CH0","1/1/2015",31.063549041748,2015,1,1,"Y","missing","harmonized_nighttime_light_data"
"forest_cover_data","percent","CH0","1/1/2016",30.5021934509277,2016,1,1,"Y","missing","harmonized_nighttime_light_data"
"forest_cover_data","percent","CH0","1/1/2017",30.3490467071533,2017,1,1,"Y","missing","harmonized_nighttime_light_data"
"forest_cover_data","percent","CH0","1/1/2018",29.831995010376,2018,1,1,"Y","missing","harmonized_nighttime_light_data"
"forest_cover_data","percent","CH0","1/1/2019",28.4792175292969,2019,1,1,"Y","missing","harmonized_nighttime_light_data"
"forest_cover_data","percent","DE1","1/1/2015",41.5319747924805,2015,1,1,"Y","missing","harmonized_nighttime_light_data"
"forest_cover_data","percent","DE1","1/1/2016",41.196647644043,2016,1,1,"Y","missing","harmonized_nighttime_light_data"
"forest_cover_data","percent","DE1","1/1/2017",40.7799911499023,2017,1,1,"Y","missing","harmonized_nighttime_light_data"
"forest_cover_data","percent","DE1","1/1/2018",40.5468215942383,2018,1,1,"Y","missing","harmonized_nighttime_light_data"
"forest_cover_data","percent","DE1","1/1/2019",37.4194221496582,2019,1,1,"Y","missing","harmonized_nighttime_light_data"
"forest_cover_data","percent","CY0","1/1/2016",16.7407989501953,2016,1,1,"Y","missing","harmonized_nighttime_light_data"
"forest_cover_data","percent","CY0","1/1/2017",16.5799045562744,2017,1,1,"Y","missing","harmonized_nighttime_light_data"
"forest_cover_data","percent","CY0","1/1/2018",17.1193332672119,2018,1,1,"Y","missing","harmonized_nighttime_light_data"
"forest_cover_data","percent","CY0","1/1/2015",16.575704574585,2015,1,1,"Y","missing","harmonized_nighttime_light_data"
"forest_cover_data","percent","CY0","1/1/2019",17.2190494537354,2019,1,1,"Y","missing","harmonized_nighttime_light_data"
"forest_cover_data","percent","DEA","1/1/2019",27.6784133911133,2019,1,1,"Y","missing","harmonized_nighttime_light_data"
"forest_cover_data","percent","DEA","1/1/2016",32.3145332336426,2016,1,1,"Y","missing","harmonized_nighttime_light_data"
"forest_cover_data","percent","DEA","1/1/2015",32.4662246704102,2015,1,1,"Y","missing","harmonized_nighttime_light_data"
"forest_cover_data","percent","DEA","1/1/2017",30.8243236541748,2017,1,1,"Y","missing","harmonized_nighttime_light_data"
"forest_cover_data","percent","DEA","1/1/2018",30.2817306518555,2018,1,1,"Y","missing","harmonized_nighttime_light_data"
"forest_cover_data","percent","BG3","1/1/2019",26.8159770965576,2019,1,1,"Y","missing","harmonized_nighttime_light_data"
"forest_cover_data","percent","BG3","1/1/2015",29.9919548034668,2015,1,1,"Y","missing","harmonized_nighttime_light_data"
"forest_cover_data","percent","BG3","1/1/2016",29.362361907959,2016,1,1,"Y","missing","harmonized_nighttime_light_data"
"forest_cover_data","percent","BG3","1/1/2018",29.0762748718262,2018,1,1,"Y","missing","harmonized_nighttime_light_data"
"forest_cover_data","percent","BG3","1/1/2017",29.4236583709717,2017,1,1,"Y","missing","harmonized_nighttime_light_data"
"forest_cover_data","percent","DE7","1/1/2019",38.679759979248,2019,1,1,"Y","missing","harmonized_nighttime_light_data"
"forest_cover_data","percent","DE7","1/1/2015",45.8538780212402,2015,1,1,"Y","missing","harmonized_nighttime_light_data"
"forest_cover_data","percent","DE7","1/1/2018",43.6411590576172,2018,1,1,"Y","missing","harmonized_nighttime_light_data"
"forest_cover_data","percent","DE7","1/1/2016",45.6759414672852,2016,1,1,"Y","missing","harmonized_nighttime_light_data"
"forest_cover_data","percent","DE7","1/1/2017",44.3128662109375,2017,1,1,"Y","missing","harmonized_nighttime_light_data"
"forest_cover_data","percent","EL5","1/1/2016",34.1508712768555,2016,1,1,"Y","missing","harmonized_nighttime_light_data"
"forest_cover_data","percent","EL5","1/1/2015",34.8377914428711,2015,1,1,"Y","missing","harmonized_nighttime_light_data"
"forest_cover_data","percent","EL5","1/1/2019",33.1427154541016,2019,1,1,"Y","missing","harmonized_nighttime_light_data"
"forest_cover_data","percent","EL5","1/1/2017",33.9277114868164,2017,1,1,"Y","missing","harmonized_nighttime_light_data"
"forest_cover_data","percent","EL5","1/1/2018",33.7818298339844,2018,1,1,"Y","missing","harmonized_nighttime_light_data"
"forest_cover_data","percent","EL6","1/1/2018",36.5824737548828,2018,1,1,"Y","missing","harmonized_nighttime_light_data"
"forest_cover_data","percent","EL6","1/1/2019",36.3553276062012,2019,1,1,"Y","missing","harmonized_nighttime_light_data"
"forest_cover_data","percent","EL6","1/1/2015",35.7733993530273,2015,1,1,"Y","missing","harmonized_nighttime_light_data"
"forest_cover_data","percent","EL6","1/1/2017",36.0448341369629,2017,1,1,"Y","missing","harmonized_nighttime_light_data"
"forest_cover_data","percent","EL6","1/1/2016",35.8331871032715,2016,1,1,"Y","missing","harmonized_nighttime_light_data"
"forest_cover_data","percent","DE4","1/1/2017",37.4607086181641,2017,1,1,"Y","missing","harmonized_nighttime_light_data"
"forest_cover_data","percent","DE4","1/1/2018",36.3902206420898,2018,1,1,"Y","missing","harmonized_nighttime_light_data"
"forest_cover_data","percent","DE4","1/1/2015",39.6389122009277,2015,1,1,"Y","missing","harmonized_nighttime_light_data"
"forest_cover_data","percent","DE4","1/1/2016",38.7244033813477,2016,1,1,"Y","missing","harmonized_nighttime_light_data"
"forest_cover_data","percent","DE4","1/1/2019",34.9916648864746,2019,1,1,"Y","missing","harmonized_nighttime_light_data"
"forest_cover_data","percent","EE0","1/1/2015",55.639820098877,2015,1,1,"Y","missing","harmonized_nighttime_light_data"
"forest_cover_data","percent","EE0","1/1/2017",54.6652908325195,2017,1,1,"Y","missing","harmonized_nighttime_light_data"
"forest_cover_data","percent","EE0","1/1/2018",51.8334617614746,2018,1,1,"Y","missing","harmonized_nighttime_light_data"
"forest_cover_data","percent","EE0","1/1/2016",55.2824440002441,2016,1,1,"Y","missing","harmonized_nighttime_light_data"
"forest_cover_data","percent","EE0","1/1/2019",47.9546051025391,2019,1,1,"Y","missing","harmonized_nighttime_light_data"
"forest_cover_data","percent","DEB","1/1/2015",45.9925765991211,2015,1,1,"Y","missing","harmonized_nighttime_light_data"
"forest_cover_data","percent","DEB","1/1/2016",45.7876739501953,2016,1,1,"Y","missing","harmonized_nighttime_light_data"
"forest_cover_data","percent","DEB","1/1/2019",40.4951286315918,2019,1,1,"Y","missing","harmonized_nighttime_light_data"
"forest_cover_data","percent","DEB","1/1/2017",45.1163711547852,2017,1,1,"Y","missing","harmonized_nighttime_light_data"
"forest_cover_data","percent","DEB","1/1/2018",44.8848648071289,2018,1,1,"Y","missing","harmonized_nighttime_light_data"
"forest_cover_data","percent","BE2","1/1/2017",19.6461944580078,2017,1,1,"Y","missing","harmonized_nighttime_light_data"
"forest_cover_data","percent","BE2","1/1/2015",19.7564888000488,2015,1,1,"Y","missing","harmonized_nighttime_light_data"
"forest_cover_data","percent","BE2","1/1/2019",18.4102840423584,2019,1,1,"Y","missing","harmonized_nighttime_light_data"
"forest_cover_data","percent","BE2","1/1/2018",19.5046329498291,2018,1,1,"Y","missing","harmonized_nighttime_light_data"
"forest_cover_data","percent","BE2","1/1/2016",19.9570083618164,2016,1,1,"Y","missing","harmonized_nighttime_light_data"
"forest_cover_data","percent","DEF","1/1/2019",15.7701463699341,2019,1,1,"Y","missing","harmonized_nighttime_light_data"
"forest_cover_data","percent","DEF","1/1/2015",19.7625904083252,2015,1,1,"Y","missing","harmonized_nighttime_light_data"
"forest_cover_data","percent","DEF","1/1/2017",17.7437629699707,2017,1,1,"Y","missing","harmonized_nighttime_light_data"
"forest_cover_data","percent","DEF","1/1/2018",17.3242893218994,2018,1,1,"Y","missing","harmonized_nighttime_light_data"
"forest_cover_data","percent","DEF","1/1/2016",19.1272277832031,2016,1,1,"Y","missing","harmonized_nighttime_light_data"
"forest_cover_data","percent","DEC","1/1/2019",39.6602249145508,2019,1,1,"Y","missing","harmonized_nighttime_light_data"
"forest_cover_data","percent","DEC","1/1/2015",45.1004638671875,2015,1,1,"Y","missing","harmonized_nighttime_light_data"
"forest_cover_data","percent","DEC","1/1/2016",45.272647857666,2016,1,1,"Y","missing","harmonized_nighttime_light_data"
"forest_cover_data","percent","DEC","1/1/2017",45.3750801086426,2017,1,1,"Y","missing","harmonized_nighttime_light_data"
"forest_cover_data","percent","DEC","1/1/2018",45.2730941772461,2018,1,1,"Y","missing","harmonized_nighttime_light_data"
"forest_cover_data","percent","DEE","1/1/2015",26.0949401855469,2015,1,1,"Y","missing","harmonized_nighttime_light_data"
"forest_cover_data","percent","DEE","1/1/2018",22.5593872070312,2018,1,1,"Y","missing","harmonized_nighttime_light_data"
"forest_cover_data","percent","DEE","1/1/2019",21.1808395385742,2019,1,1,"Y","missing","harmonized_nighttime_light_data"
"forest_cover_data","percent","DEE","1/1/2017",23.5006847381592,2017,1,1,"Y","missing","harmonized_nighttime_light_data"
"forest_cover_data","percent","DEE","1/1/2016",25.2376880645752,2016,1,1,"Y","missing","harmonized_nighttime_light_data"
"forest_cover_data","percent","DED","1/1/2018",29.5346508026123,2018,1,1,"Y","missing","harmonized_nighttime_light_data"
"forest_cover_data","percent","DED","1/1/2017",30.1019344329834,2017,1,1,"Y","missing","harmonized_nighttime_light_data"
"forest_cover_data","percent","DED","1/1/2015",31.3886566162109,2015,1,1,"Y","missing","harmonized_nighttime_light_data"
"forest_cover_data","percent","DED","1/1/2016",31.0986328125,2016,1,1,"Y","missing","harmonized_nighttime_light_data"
"forest_cover_data","percent","DED","1/1/2019",28.1203441619873,2019,1,1,"Y","missing","harmonized_nighttime_light_data"
"forest_cover_data","percent","EL3","1/1/2017",21.0186443328857,2017,1,1,"Y","missing","harmonized_nighttime_light_data"
"forest_cover_data","percent","EL3","1/1/2018",21.9519081115723,2018,1,1,"Y","missing","harmonized_nighttime_light_data"
"forest_cover_data","percent","EL3","1/1/2016",21.2025489807129,2016,1,1,"Y","missing","harmonized_nighttime_light_data"
"forest_cover_data","percent","EL3","1/1/2019",21.8666191101074,2019,1,1,"Y","missing","harmonized_nighttime_light_data"
"forest_cover_data","percent","EL3","1/1/2015",21.0639629364014,2015,1,1,"Y","missing","harmonized_nighttime_light_data"
"forest_cover_data","percent","EL4","1/1/2017",18.2272777557373,2017,1,1,"Y","missing","harmonized_nighttime_light_data"
"forest_cover_data","percent","EL4","1/1/2019",17.812858581543,2019,1,1,"Y","missing","harmonized_nighttime_light_data"
"forest_cover_data","percent","EL4","1/1/2015",18.3751811981201,2015,1,1,"Y","missing","harmonized_nighttime_light_data"
"forest_cover_data","percent","EL4","1/1/2016",18.904878616333,2016,1,1,"Y","missing","harmonized_nighttime_light_data"
"forest_cover_data","percent","EL4","1/1/2018",18.0403156280518,2018,1,1,"Y","missing","harmonized_nighttime_light_data"
"forest_cover_data","percent","DEG","1/1/2016",36.3571968078613,2016,1,1,"Y","missing","harmonized_nighttime_light_data"
"forest_cover_data","percent","DEG","1/1/2019",31.4367332458496,2019,1,1,"Y","missing","harmonized_nighttime_light_data"
"forest_cover_data","percent","DEG","1/1/2017",35.2211494445801,2017,1,1,"Y","missing","harmonized_nighttime_light_data"
"forest_cover_data","percent","DEG","1/1/2018",34.3717727661133,2018,1,1,"Y","missing","harmonized_nighttime_light_data"
"forest_cover_data","percent","DEG","1/1/2015",36.8254776000977,2015,1,1,"Y","missing","harmonized_nighttime_light_data"
"forest_cover_data","percent","DK0","1/1/2016",18.1970272064209,2016,1,1,"Y","missing","harmonized_nighttime_light_data"
"forest_cover_data","percent","DK0","1/1/2019",15.0759649276733,2019,1,1,"Y","missing","harmonized_nighttime_light_data"
"forest_cover_data","percent","DK0","1/1/2015",18.872896194458,2015,1,1,"Y","missing","harmonized_nighttime_light_data"
"forest_cover_data","percent","DK0","1/1/2018",16.6534481048584,2018,1,1,"Y","missing","harmonized_nighttime_light_data"
"forest_cover_data","percent","DK0","1/1/2017",17.2516746520996,2017,1,1,"Y","missing","harmonized_nighttime_light_data"
"forest_cover_data","percent","DE2","1/1/2018",37.4081344604492,2018,1,1,"Y","missing","harmonized_nighttime_light_data"
"forest_cover_data","percent","DE2","1/1/2016",38.400032043457,2016,1,1,"Y","missing","harmonized_nighttime_light_data"
"forest_cover_data","percent","DE2","1/1/2015",39.1921081542969,2015,1,1,"Y","missing","harmonized_nighttime_light_data"
"forest_cover_data","percent","DE2","1/1/2019",35.0311279296875,2019,1,1,"Y","missing","harmonized_nighttime_light_data"
"forest_cover_data","percent","DE2","1/1/2017",37.9082145690918,2017,1,1,"Y","missing","harmonized_nighttime_light_data"
"forest_cover_data","percent","DE3","1/1/2015",27.9584312438965,2015,1,1,"Y","missing","harmonized_nighttime_light_data"
"forest_cover_data","percent","DE3","1/1/2018",25.4982070922852,2018,1,1,"Y","missing","harmonized_nighttime_light_data"
"forest_cover_data","percent","DE3","1/1/2017",26.1470909118652,2017,1,1,"Y","missing","harmonized_nighttime_light_data"
"forest_cover_data","percent","DE3","1/1/2016",26.9591274261475,2016,1,1,"Y","missing","harmonized_nighttime_light_data"
"forest_cover_data","percent","DE3","1/1/2019",23.8132858276367,2019,1,1,"Y","missing","harmonized_nighttime_light_data"
"forest_cover_data","percent","DE8","1/1/2017",23.1090888977051,2017,1,1,"Y","missing","harmonized_nighttime_light_data"
"forest_cover_data","percent","DE8","1/1/2015",25.4036655426025,2015,1,1,"Y","missing","harmonized_nighttime_light_data"
"forest_cover_data","percent","DE8","1/1/2019",20.5357494354248,2019,1,1,"Y","missing","harmonized_nighttime_light_data"
"forest_cover_data","percent","DE8","1/1/2018",22.2015399932861,2018,1,1,"Y","missing","harmonized_nighttime_light_data"
"forest_cover_data","percent","DE8","1/1/2016",24.2380886077881,2016,1,1,"Y","missing","harmonized_nighttime_light_data"
"forest_cover_data","percent","CZ0","1/1/2017",37.1998062133789,2017,1,1,"Y","missing","harmonized_nighttime_light_data"
"forest_cover_data","percent","CZ0","1/1/2016",37.9725074768066,2016,1,1,"Y","missing","harmonized_nighttime_light_data"
"forest_cover_data","percent","CZ0","1/1/2019",34.1703414916992,2019,1,1,"Y","missing","harmonized_nighttime_light_data"
"forest_cover_data","percent","CZ0","1/1/2015",38.6084442138672,2015,1,1,"Y","missing","harmonized_nighttime_light_data"
"forest_cover_data","percent","CZ0","1/1/2018",36.493350982666,2018,1,1,"Y","missing","harmonized_nighttime_light_data"
"forest_cover_data","percent","DE5","1/1/2019",13.0592937469482,2019,1,1,"Y","missing","harmonized_nighttime_light_data"
"forest_cover_data","percent","DE5","1/1/2016",15.4100217819214,2016,1,1,"Y","missing","harmonized_nighttime_light_data"
"forest_cover_data","percent","DE5","1/1/2017",14.1960859298706,2017,1,1,"Y","missing","harmonized_nighttime_light_data"
"forest_cover_data","percent","DE5","1/1/2015",16.6568851470947,2015,1,1,"Y","missing","harmonized_nighttime_light_data"
"forest_cover_data","percent","DE5","1/1/2018",13.6504602432251,2018,1,1,"Y","missing","harmonized_nighttime_light_data"
"forest_cover_data","percent","DE6","1/1/2016",20.065767288208,2016,1,1,"Y","missing","harmonized_nighttime_light_data"
"forest_cover_data","percent","DE6","1/1/2018",18.8672180175781,2018,1,1,"Y","missing","harmonized_nighttime_light_data"
"forest_cover_data","percent","DE6","1/1/2019",17.5288791656494,2019,1,1,"Y","missing","harmonized_nighttime_light_data"
"forest_cover_data","percent","DE6","1/1/2015",21.2046012878418,2015,1,1,"Y","missing","harmonized_nighttime_light_data"
"forest_cover_data","percent","DE6","1/1/2017",18.8659400939941,2017,1,1,"Y","missing","harmonized_nighttime_light_data"
"forest_cover_data","percent","BG4","1/1/2019",44.6685905456543,2019,1,1,"Y","missing","harmonized_nighttime_light_data"
"forest_cover_data","percent","BG4","1/1/2015",46.4726066589355,2015,1,1,"Y","missing","harmonized_nighttime_light_data"
"forest_cover_data","percent","BG4","1/1/2018",45.4230003356934,2018,1,1,"Y","missing","harmonized_nighttime_light_data"
"forest_cover_data","percent","BG4","1/1/2016",45.6580123901367,2016,1,1,"Y","missing","harmonized_nighttime_light_data"
"forest_cover_data","percent","BG4","1/1/2017",45.656566619873,2017,1,1,"Y","missing","harmonized_nighttime_light_data"
"forest_cover_data","percent","DE9","1/1/2015",29.7739353179932,2015,1,1,"Y","missing","harmonized_nighttime_light_data"
"forest_cover_data","percent","DE9","1/1/2018",27.4110984802246,2018,1,1,"Y","missing","harmonized_nighttime_light_data"
"forest_cover_data","percent","DE9","1/1/2019",25.1527442932129,2019,1,1,"Y","missing","harmonized_nighttime_light_data"
"forest_cover_data","percent","DE9","1/1/2017",27.9981174468994,2017,1,1,"Y","missing","harmonized_nighttime_light_data"
"forest_cover_data","percent","DE9","1/1/2016",29.4611568450928,2016,1,1,"Y","missing","harmonized_nighttime_light_data"
"forest_cover_data","percent","AL0","1/1/2018",30.5137882232666,2018,1,1,"Y","missing","harmonized_nighttime_light_data"
"forest_cover_data","percent","AL0","1/1/2017",30.9571781158447,2017,1,1,"Y","missing","harmonized_nighttime_light_data"
"forest_cover_data","percent","AL0","1/1/2019",29.9306735992432,2019,1,1,"Y","missing","harmonized_nighttime_light_data"
"forest_cover_data","percent","AL0","1/1/2016",30.9375038146973,2016,1,1,"Y","missing","harmonized_nighttime_light_data"
"forest_cover_data","percent","AL0","1/1/2015",31.614465713501,2015,1,1,"Y","missing","harmonized_nighttime_light_data"
"forest_cover_data","percent","AT1","1/1/2016",40.476978302002,2016,1,1,"Y","missing","harmonized_nighttime_light_data"
"forest_cover_data","percent","AT1","1/1/2019",36.8784332275391,2019,1,1,"Y","missing","harmonized_nighttime_light_data"
"forest_cover_data","percent","AT1","1/1/2018",39.4045486450195,2018,1,1,"Y","missing","harmonized_nighttime_light_data"
"forest_cover_data","percent","AT1","1/1/2017",40.0358009338379,2017,1,1,"Y","missing","harmonized_nighttime_light_data"
"forest_cover_data","percent","AT1","1/1/2015",41.4531631469727,2015,1,1,"Y","missing","harmonized_nighttime_light_data"
"forest_cover_data","percent","ES4","1/1/2018",14.2937307357788,2018,1,1,"Y","missing","harmonized_nighttime_light_data"
"forest_cover_data","percent","ES4","1/1/2017",16.8043460845947,2017,1,1,"Y","missing","harmonized_nighttime_light_data"
"forest_cover_data","percent","ES4","1/1/2015",18.049732208252,2015,1,1,"Y","missing","harmonized_nighttime_light_data"
"forest_cover_data","percent","ES4","1/1/2016",15.9744920730591,2016,1,1,"Y","missing","harmonized_nighttime_light_data"
"forest_cover_data","percent","ES4","1/1/2019",14.7292537689209,2019,1,1,"Y","missing","harmonized_nighttime_light_data"
"forest_cover_data","percent","ES7","1/1/2016",13.5999193191528,2016,1,1,"Y","missing","harmonized_nighttime_light_data"
"forest_cover_data","percent","ES7","1/1/2019",12.7490882873535,2019,1,1,"Y","missing","harmonized_nighttime_light_data"
"forest_cover_data","percent","ES7","1/1/2015",13.8309478759766,2015,1,1,"Y","missing","harmonized_nighttime_light_data"
"forest_cover_data","percent","ES7","1/1/2018",13.4969024658203,2018,1,1,"Y","missing","harmonized_nighttime_light_data"
"forest_cover_data","percent","ES7","1/1/2017",13.8352956771851,2017,1,1,"Y","missing","harmonized_nighttime_light_data"
"forest_cover_data","percent","FI1","1/1/2019",55.4468994140625,2019,1,1,"Y","missing","harmonized_nighttime_light_data"
"forest_cover_data","percent","FI1","1/1/2017",58.4295387268066,2017,1,1,"Y","missing","harmonized_nighttime_light_data"
"forest_cover_data","percent","FI1","1/1/2015",60.3453636169434,2015,1,1,"Y","missing","harmonized_nighttime_light_data"
"forest_cover_data","percent","FI1","1/1/2016",59.5627784729004,2016,1,1,"Y","missing","harmonized_nighttime_light_data"
"forest_cover_data","percent","FI1","1/1/2018",55.6917114257812,2018,1,1,"Y","missing","harmonized_nighttime_light_data"
"forest_cover_data","percent","MT0","1/1/2018",4.04805994033813,2018,1,1,"Y","missing","harmonized_nighttime_light_data"
"forest_cover_data","percent","MT0","1/1/2017",3.02087092399597,2017,1,1,"Y","missing","harmonized_nighttime_light_data"
"forest_cover_data","percent","MT0","1/1/2015",1.88556754589081,2015,1,1,"Y","missing","harmonized_nighttime_light_data"
"forest_cover_data","percent","MT0","1/1/2016",2.45215225219727,2016,1,1,"Y","missing","harmonized_nighttime_light_data"
"forest_cover_data","percent","MT0","1/1/2019",4.43982791900635,2019,1,1,"Y","missing","harmonized_nighttime_light_data"
"forest_cover_data","percent","NL4","1/1/2015",24.2189769744873,2015,1,1,"Y","missing","harmonized_nighttime_light_data"
"forest_cover_data","percent","NL4","1/1/2016",23.5859928131104,2016,1,1,"Y","missing","harmonized_nighttime_light_data"
"forest_cover_data","percent","NL4","1/1/2018",22.7284545898438,2018,1,1,"Y","missing","harmonized_nighttime_light_data"
"forest_cover_data","percent","NL4","1/1/2019",21.2334785461426,2019,1,1,"Y","missing","harmonized_nighttime_light_data"
"forest_cover_data","percent","NL4","1/1/2017",22.956298828125,2017,1,1,"Y","missing","harmonized_nighttime_light_data"
"forest_cover_data","percent","NO0","1/1/2018",29.7991752624512,2018,1,1,"Y","missing","harmonized_nighttime_light_data"
"forest_cover_data","percent","NO0","1/1/2016",29.6232280731201,2016,1,1,"Y","missing","harmonized_nighttime_light_data"
"forest_cover_data","percent","NO0","1/1/2017",29.7216053009033,2017,1,1,"Y","missing","harmonized_nighttime_light_data"
"forest_cover_data","percent","NO0","1/1/2019",30.2757396697998,2019,1,1,"Y","missing","harmonized_nighttime_light_data"
"forest_cover_data","percent","NO0","1/1/2015",29.7024211883545,2015,1,1,"Y","missing","harmonized_nighttime_light_data"
"forest_cover_data","percent","FR1","1/1/2016",21.514196395874,2016,1,1,"Y","missing","harmonized_nighttime_light_data"
"forest_cover_data","percent","FR1","1/1/2019",17.4274082183838,2019,1,1,"Y","missing","harmonized_nighttime_light_data"
"forest_cover_data","percent","FR1","1/1/2015",21.4309062957764,2015,1,1,"Y","missing","harmonized_nighttime_light_data"
"forest_cover_data","percent","FR1","1/1/2017",21.4164276123047,2017,1,1,"Y","missing","harmonized_nighttime_light_data"
"forest_cover_data","percent","FR1","1/1/2018",20.741979598999,2018,1,1,"Y","missing","harmonized_nighttime_light_data"
"forest_cover_data","percent","FRC","1/1/2019",30.7160949707031,2019,1,1,"Y","missing","harmonized_nighttime_light_data"
"forest_cover_data","percent","FRC","1/1/2017",35.556640625,2017,1,1,"Y","missing","harmonized_nighttime_light_data"
"forest_cover_data","percent","FRC","1/1/2015",35.5550651550293,2015,1,1,"Y","missing","harmonized_nighttime_light_data"
"forest_cover_data","percent","FRC","1/1/2016",35.4385681152344,2016,1,1,"Y","missing","harmonized_nighttime_light_data"
"forest_cover_data","percent","FRC","1/1/2018",35.1842346191406,2018,1,1,"Y","missing","harmonized_nighttime_light_data"
"forest_cover_data","percent","FRE","1/1/2017",14.4718856811523,2017,1,1,"Y","missing","harmonized_nighttime_light_data"
"forest_cover_data","percent","FRE","1/1/2015",14.5311393737793,2015,1,1,"Y","missing","harmonized_nighttime_light_data"
"forest_cover_data","percent","FRE","1/1/2018",14.0219612121582,2018,1,1,"Y","missing","harmonized_nighttime_light_data"
"forest_cover_data","percent","FRE","1/1/2019",12.2302312850952,2019,1,1,"Y","missing","harmonized_nighttime_light_data"
"forest_cover_data","percent","FRE","1/1/2016",14.642258644104,2016,1,1,"Y","missing","harmonized_nighttime_light_data"
"forest_cover_data","percent","FRG","1/1/2015",16.3031845092773,2015,1,1,"Y","missing","harmonized_nighttime_light_data"
"forest_cover_data","percent","FRG","1/1/2018",16.2856006622314,2018,1,1,"Y","missing","harmonized_nighttime_light_data"
"forest_cover_data","percent","FRG","1/1/2016",16.3223571777344,2016,1,1,"Y","missing","harmonized_nighttime_light_data"
"forest_cover_data","percent","FRG","1/1/2019",15.4190607070923,2019,1,1,"Y","missing","harmonized_nighttime_light_data"
"forest_cover_data","percent","FRG","1/1/2017",16.2981834411621,2017,1,1,"Y","missing","harmonized_nighttime_light_data"
"forest_cover_data","percent","FRB","1/1/2018",22.2450313568115,2018,1,1,"Y","missing","harmonized_nighttime_light_data"
"forest_cover_data","percent","FRB","1/1/2016",23.0008144378662,2016,1,1,"Y","missing","harmonized_nighttime_light_data"
"forest_cover_data","percent","FRB","1/1/2019",19.5636119842529,2019,1,1,"Y","missing","harmonized_nighttime_light_data"
"forest_cover_data","percent","FRB","1/1/2017",22.6695804595947,2017,1,1,"Y","missing","harmonized_nighttime_light_data"
"forest_cover_data","percent","FRB","1/1/2015",23.2667350769043,2015,1,1,"Y","missing","harmonized_nighttime_light_data"
"forest_cover_data","percent","FRD","1/1/2016",18.3596687316895,2016,1,1,"Y","missing","harmonized_nighttime_light_data"
"forest_cover_data","percent","FRD","1/1/2019",16.1549263000488,2019,1,1,"Y","missing","harmonized_nighttime_light_data"
"forest_cover_data","percent","FRD","1/1/2017",18.2366619110107,2017,1,1,"Y","missing","harmonized_nighttime_light_data"
"forest_cover_data","percent","FRD","1/1/2015",18.5076637268066,2015,1,1,"Y","missing","harmonized_nighttime_light_data"
"forest_cover_data","percent","FRD","1/1/2018",17.8758430480957,2018,1,1,"Y","missing","harmonized_nighttime_light_data"
"forest_cover_data","percent","ES2","1/1/2019",24.1225719451904,2019,1,1,"Y","missing","harmonized_nighttime_light_data"
"forest_cover_data","percent","ES2","1/1/2017",25.0070762634277,2017,1,1,"Y","missing","harmonized_nighttime_light_data"
"forest_cover_data","percent","ES2","1/1/2015",24.7554874420166,2015,1,1,"Y","missing","harmonized_nighttime_light_data"
"forest_cover_data","percent","ES2","1/1/2018",23.415246963501,2018,1,1,"Y","missing","harmonized_nighttime_light_data"
"forest_cover_data","percent","ES2","1/1/2016",24.6099281311035,2016,1,1,"Y","missing","harmonized_nighttime_light_data"
"forest_cover_data","percent","FRF","1/1/2017",32.4248313903809,2017,1,1,"Y","missing","harmonized_nighttime_light_data"
"forest_cover_data","percent","FRF","1/1/2015",32.4686431884766,2015,1,1,"Y","missing","harmonized_nighttime_light_data"
"forest_cover_data","percent","FRF","1/1/2018",32.0437660217285,2018,1,1,"Y","missing","harmonized_nighttime_light_data"
"forest_cover_data","percent","FRF","1/1/2016",32.5909690856934,2016,1,1,"Y","missing","harmonized_nighttime_light_data"
"forest_cover_data","percent","FRF","1/1/2019",27.5357036590576,2019,1,1,"Y","missing","harmonized_nighttime_light_data"
"forest_cover_data","percent","ES1","1/1/2018",42.0688896179199,2018,1,1,"Y","missing","harmonized_nighttime_light_data"
"forest_cover_data","percent","ES1","1/1/2015",42.5852546691895,2015,1,1,"Y","missing","harmonized_nighttime_light_data"
"forest_cover_data","percent","ES1","1/1/2016",41.9591789245605,2016,1,1,"Y","missing","harmonized_nighttime_light_data"
"forest_cover_data","percent","ES1","1/1/2019",40.9973754882812,2019,1,1,"Y","missing","harmonized_nighttime_light_data"
"forest_cover_data","percent","ES1","1/1/2017",42.6445388793945,2017,1,1,"Y","missing","harmonized_nighttime_light_data"
"forest_cover_data","percent","ES3","1/1/2016",15.2825117111206,2016,1,1,"Y","missing","harmonized_nighttime_light_data"
"forest_cover_data","percent","ES3","1/1/2018",13.5331182479858,2018,1,1,"Y","missing","harmonized_nighttime_light_data"
"forest_cover_data","percent","ES3","1/1/2019",14.2285919189453,2019,1,1,"Y","missing","harmonized_nighttime_light_data"
"forest_cover_data","percent","ES3","1/1/2017",16.2370452880859,2017,1,1,"Y","missing","harmonized_nighttime_light_data"
"forest_cover_data","percent","ES3","1/1/2015",17.7604694366455,2015,1,1,"Y","missing","harmonized_nighttime_light_data"
"forest_cover_data","percent","ES6","1/1/2016",19.4462928771973,2016,1,1,"Y","missing","harmonized_nighttime_light_data"
"forest_cover_data","percent","ES6","1/1/2017",19.9886837005615,2017,1,1,"Y","missing","harmonized_nighttime_light_data"
"forest_cover_data","percent","ES6","1/1/2019",18.9465656280518,2019,1,1,"Y","missing","harmonized_nighttime_light_data"
"forest_cover_data","percent","ES6","1/1/2015",21.1259574890137,2015,1,1,"Y","missing","harmonized_nighttime_light_data"
"forest_cover_data","percent","ES6","1/1/2018",17.9768047332764,2018,1,1,"Y","missing","harmonized_nighttime_light_data"
"forest_cover_data","percent","ES5","1/1/2019",29.8087863922119,2019,1,1,"Y","missing","harmonized_nighttime_light_data"
"forest_cover_data","percent","ES5","1/1/2015",30.5047969818115,2015,1,1,"Y","missing","harmonized_nighttime_light_data"
"forest_cover_data","percent","ES5","1/1/2017",31.1345462799072,2017,1,1,"Y","missing","harmonized_nighttime_light_data"
"forest_cover_data","percent","ES5","1/1/2018",28.7522945404053,2018,1,1,"Y","missing","harmonized_nighttime_light_data"
"forest_cover_data","percent","ES5","1/1/2016",29.9384155273438,2016,1,1,"Y","missing","harmonized_nighttime_light_data"
"forest_cover_data","percent","FI2","1/1/2017",60.7001495361328,2017,1,1,"Y","missing","harmonized_nighttime_light_data"
"forest_cover_data","percent","FI2","1/1/2015",60.7582321166992,2015,1,1,"Y","missing","harmonized_nighttime_light_data"
"forest_cover_data","percent","FI2","1/1/2016",60.5793151855469,2016,1,1,"Y","missing","harmonized_nighttime_light_data"
"forest_cover_data","percent","FI2","1/1/2018",59.3110008239746,2018,1,1,"Y","missing","harmonized_nighttime_light_data"
"forest_cover_data","percent","FI2","1/1/2019",59.2150230407715,2019,1,1,"Y","missing","harmonized_nighttime_light_data"
"forest_cover_data","percent","ITG","1/1/2015",17.1125087738037,2015,1,1,"Y","missing","harmonized_nighttime_light_data"
"forest_cover_data","percent","ITG","1/1/2018",18.5904064178467,2018,1,1,"Y","missing","harmonized_nighttime_light_data"
"forest_cover_data","percent","ITG","1/1/2019",19.4977989196777,2019,1,1,"Y","missing","harmonized_nighttime_light_data"
"forest_cover_data","percent","ITG","1/1/2017",18.7756576538086,2017,1,1,"Y","missing","harmonized_nighttime_light_data"
"forest_cover_data","percent","ITG","1/1/2016",17.7071895599365,2016,1,1,"Y","missing","harmonized_nighttime_light_data"
"forest_cover_data","percent","FRH","1/1/2016",22.670991897583,2016,1,1,"Y","missing","harmonized_nighttime_light_data"
"forest_cover_data","percent","FRH","1/1/2018",22.4887924194336,2018,1,1,"Y","missing","harmonized_nighttime_light_data"
"forest_cover_data","percent","FRH","1/1/2019",21.1466770172119,2019,1,1,"Y","missing","harmonized_nighttime_light_data"
"forest_cover_data","percent","FRH","1/1/2017",22.5118236541748,2017,1,1,"Y","missing","harmonized_nighttime_light_data"
"forest_cover_data","percent","FRH","1/1/2015",22.5089626312256,2015,1,1,"Y","missing","harmonized_nighttime_light_data"
"forest_cover_data","percent","AT3","1/1/2017",37.3913383483887,2017,1,1,"Y","missing","harmonized_nighttime_light_data"
"forest_cover_data","percent","AT3","1/1/2016",38.6158409118652,2016,1,1,"Y","missing","harmonized_nighttime_light_data"
"forest_cover_data","percent","AT3","1/1/2019",34.4261131286621,2019,1,1,"Y","missing","harmonized_nighttime_light_data"
"forest_cover_data","percent","AT3","1/1/2015",40.1186332702637,2015,1,1,"Y","missing","harmonized_nighttime_light_data"
"forest_cover_data","percent","AT3","1/1/2018",36.2833633422852,2018,1,1,"Y","missing","harmonized_nighttime_light_data"
"forest_cover_data","percent","BE1","1/1/2015",19.599781036377,2015,1,1,"Y","missing","harmonized_nighttime_light_data"
"forest_cover_data","percent","BE1","1/1/2018",19.250617980957,2018,1,1,"Y","missing","harmonized_nighttime_light_data"
"forest_cover_data","percent","BE1","1/1/2019",16.9648380279541,2019,1,1,"Y","missing","harmonized_nighttime_light_data"
"forest_cover_data","percent","BE1","1/1/2017",19.3162403106689,2017,1,1,"Y","missing","harmonized_nighttime_light_data"
"forest_cover_data","percent","BE1","1/1/2016",19.8560752868652,2016,1,1,"Y","missing","harmonized_nighttime_light_data"
"forest_cover_data","percent","FRL","1/1/2019",28.4075107574463,2019,1,1,"Y","missing","harmonized_nighttime_light_data"
"forest_cover_data","percent","FRL","1/1/2017",30.7789001464844,2017,1,1,"Y","missing","harmonized_nighttime_light_data"
"forest_cover_data","percent","FRL","1/1/2016",30.5799026489258,2016,1,1,"Y","missing","harmonized_nighttime_light_data"
"forest_cover_data","percent","FRL","1/1/2015",31.5266056060791,2015,1,1,"Y","missing","harmonized_nighttime_light_data"
"forest_cover_data","percent","FRL","1/1/2018",29.2819061279297,2018,1,1,"Y","missing","harmonized_nighttime_light_data"
"forest_cover_data","percent","ITH","1/1/2019",32.0700645446777,2019,1,1,"Y","missing","harmonized_nighttime_light_data"
"forest_cover_data","percent","ITH","1/1/2018",33.5693511962891,2018,1,1,"Y","missing","harmonized_nighttime_light_data"
"forest_cover_data","percent","ITH","1/1/2015",35.0334167480469,2015,1,1,"Y","missing","harmonized_nighttime_light_data"
"forest_cover_data","percent","ITH","1/1/2017",34.0800743103027,2017,1,1,"Y","missing","harmonized_nighttime_light_data"
"forest_cover_data","percent","ITH","1/1/2016",34.4382781982422,2016,1,1,"Y","missing","harmonized_nighttime_light_data"
"forest_cover_data","percent","FRI","1/1/2018",32.7452964782715,2018,1,1,"Y","missing","harmonized_nighttime_light_data"
"forest_cover_data","percent","FRI","1/1/2017",32.5514221191406,2017,1,1,"Y","missing","harmonized_nighttime_light_data"
"forest_cover_data","percent","FRI","1/1/2015",32.1586456298828,2015,1,1,"Y","missing","harmonized_nighttime_light_data"
"forest_cover_data","percent","FRI","1/1/2016",32.3345184326172,2016,1,1,"Y","missing","harmonized_nighttime_light_data"
"forest_cover_data","percent","FRI","1/1/2019",30.8714809417725,2019,1,1,"Y","missing","harmonized_nighttime_light_data"
"forest_cover_data","percent","ITC","1/1/2017",33.5443267822266,2017,1,1,"Y","missing","harmonized_nighttime_light_data"
"forest_cover_data","percent","ITC","1/1/2018",32.7632369995117,2018,1,1,"Y","missing","harmonized_nighttime_light_data"
"forest_cover_data","percent","ITC","1/1/2016",33.8507614135742,2016,1,1,"Y","missing","harmonized_nighttime_light_data"
"forest_cover_data","percent","ITC","1/1/2019",31.2106990814209,2019,1,1,"Y","missing","harmonized_nighttime_light_data"
"forest_cover_data","percent","ITC","1/1/2015",34.6050033569336,2015,1,1,"Y","missing","harmonized_nighttime_light_data"
"forest_cover_data","percent","LT0","1/1/2017",39.416446685791,2017,1,1,"Y","missing","harmonized_nighttime_light_data"
"forest_cover_data","percent","LT0","1/1/2019",35.0879592895508,2019,1,1,"Y","missing","harmonized_nighttime_light_data"
"forest_cover_data","percent","LT0","1/1/2015",40.471565246582,2015,1,1,"Y","missing","harmonized_nighttime_light_data"
"forest_cover_data","percent","LT0","1/1/2016",40.6765022277832,2016,1,1,"Y","missing","harmonized_nighttime_light_data"
"forest_cover_data","percent","LT0","1/1/2018",39.2473449707031,2018,1,1,"Y","missing","harmonized_nighttime_light_data"
"forest_cover_data","percent","LU0","1/1/2016",39.6739730834961,2016,1,1,"Y","missing","harmonized_nighttime_light_data"
"forest_cover_data","percent","LU0","1/1/2019",35.0490913391113,2019,1,1,"Y","missing","harmonized_nighttime_light_data"
"forest_cover_data","percent","LU0","1/1/2017",38.8697052001953,2017,1,1,"Y","missing","harmonized_nighttime_light_data"
"forest_cover_data","percent","LU0","1/1/2018",38.9657363891602,2018,1,1,"Y","missing","harmonized_nighttime_light_data"
"forest_cover_data","percent","LU0","1/1/2015",39.4876022338867,2015,1,1,"Y","missing","harmonized_nighttime_light_data"
"forest_cover_data","percent","LI0","1/1/2016",43.7098197937012,2016,1,1,"Y","missing","harmonized_nighttime_light_data"
"forest_cover_data","percent","LI0","1/1/2019",39.4559745788574,2019,1,1,"Y","missing","harmonized_nighttime_light_data"
"forest_cover_data","percent","LI0","1/1/2015",45.5416793823242,2015,1,1,"Y","missing","harmonized_nighttime_light_data"
"forest_cover_data","percent","LI0","1/1/2018",41.8151092529297,2018,1,1,"Y","missing","harmonized_nighttime_light_data"
"forest_cover_data","percent","LI0","1/1/2017",42.4024963378906,2017,1,1,"Y","missing","harmonized_nighttime_light_data"
"forest_cover_data","percent","FRK","1/1/2018",35.742504119873,2018,1,1,"Y","missing","harmonized_nighttime_light_data"
"forest_cover_data","percent","FRK","1/1/2016",36.4019584655762,2016,1,1,"Y","missing","harmonized_nighttime_light_data"
"forest_cover_data","percent","FRK","1/1/2015",36.5966339111328,2015,1,1,"Y","missing","harmonized_nighttime_light_data"
"forest_cover_data","percent","FRK","1/1/2019",33.6536140441895,2019,1,1,"Y","missing","harmonized_nighttime_light_data"
"forest_cover_data","percent","FRK","1/1/2017",36.4504928588867,2017,1,1,"Y","missing","harmonized_nighttime_light_data"
"forest_cover_data","percent","FRY","1/1/2015",NA,2015,1,1,"Y","missing","harmonized_nighttime_light_data"
"forest_cover_data","percent","FRY","1/1/2018",NA,2018,1,1,"Y","missing","harmonized_nighttime_light_data"
"forest_cover_data","percent","FRY","1/1/2017",NA,2017,1,1,"Y","missing","harmonized_nighttime_light_data"
"forest_cover_data","percent","FRY","1/1/2016",NA,2016,1,1,"Y","missing","harmonized_nighttime_light_data"
"forest_cover_data","percent","FRY","1/1/2019",NA,2019,1,1,"Y","missing","harmonized_nighttime_light_data"
"forest_cover_data","percent","HR0","1/1/2017",45.2763938903809,2017,1,1,"Y","missing","harmonized_nighttime_light_data"
"forest_cover_data","percent","HR0","1/1/2015",46.5187187194824,2015,1,1,"Y","missing","harmonized_nighttime_light_data"
"forest_cover_data","percent","HR0","1/1/2019",43.7308235168457,2019,1,1,"Y","missing","harmonized_nighttime_light_data"
"forest_cover_data","percent","HR0","1/1/2018",45.0028038024902,2018,1,1,"Y","missing","harmonized_nighttime_light_data"
"forest_cover_data","percent","HR0","1/1/2016",45.5688896179199,2016,1,1,"Y","missing","harmonized_nighttime_light_data"
"forest_cover_data","percent","HU1","1/1/2017",25.0867691040039,2017,1,1,"Y","missing","harmonized_nighttime_light_data"
"forest_cover_data","percent","HU1","1/1/2016",25.6168880462646,2016,1,1,"Y","missing","harmonized_nighttime_light_data"
"forest_cover_data","percent","HU1","1/1/2019",21.4827308654785,2019,1,1,"Y","missing","harmonized_nighttime_light_data"
"forest_cover_data","percent","HU1","1/1/2015",26.7621688842773,2015,1,1,"Y","missing","harmonized_nighttime_light_data"
"forest_cover_data","percent","HU1","1/1/2018",24.1962661743164,2018,1,1,"Y","missing","harmonized_nighttime_light_data"
"forest_cover_data","percent","ITI","1/1/2019",35.1379356384277,2019,1,1,"Y","missing","harmonized_nighttime_light_data"
"forest_cover_data","percent","ITI","1/1/2016",37.6894912719727,2016,1,1,"Y","missing","harmonized_nighttime_light_data"
"forest_cover_data","percent","ITI","1/1/2017",38.1813278198242,2017,1,1,"Y","missing","harmonized_nighttime_light_data"
"forest_cover_data","percent","ITI","1/1/2015",39.0602912902832,2015,1,1,"Y","missing","harmonized_nighttime_light_data"
"forest_cover_data","percent","ITI","1/1/2018",37.0095367431641,2018,1,1,"Y","missing","harmonized_nighttime_light_data"
"forest_cover_data","percent","FRJ","1/1/2016",33.1053886413574,2016,1,1,"Y","missing","harmonized_nighttime_light_data"
"forest_cover_data","percent","FRJ","1/1/2018",32.7968788146973,2018,1,1,"Y","missing","harmonized_nighttime_light_data"
"forest_cover_data","percent","FRJ","1/1/2019",31.2863140106201,2019,1,1,"Y","missing","harmonized_nighttime_light_data"
"forest_cover_data","percent","FRJ","1/1/2015",33.4474411010742,2015,1,1,"Y","missing","harmonized_nighttime_light_data"
"forest_cover_data","percent","FRJ","1/1/2017",33.2929496765137,2017,1,1,"Y","missing","harmonized_nighttime_light_data"
"forest_cover_data","percent","FRM","1/1/2019",38.6381492614746,2019,1,1,"Y","missing","harmonized_nighttime_light_data"
"forest_cover_data","percent","FRM","1/1/2015",41.6399726867676,2015,1,1,"Y","missing","harmonized_nighttime_light_data"
"forest_cover_data","percent","FRM","1/1/2018",39.5161018371582,2018,1,1,"Y","missing","harmonized_nighttime_light_data"
"forest_cover_data","percent","FRM","1/1/2016",40.572940826416,2016,1,1,"Y","missing","harmonized_nighttime_light_data"
"forest_cover_data","percent","FRM","1/1/2017",40.4750289916992,2017,1,1,"Y","missing","harmonized_nighttime_light_data"
"forest_cover_data","percent","HU2","1/1/2015",29.7463512420654,2015,1,1,"Y","missing","harmonized_nighttime_light_data"
"forest_cover_data","percent","HU2","1/1/2018",28.66748046875,2018,1,1,"Y","missing","harmonized_nighttime_light_data"
"forest_cover_data","percent","HU2","1/1/2019",25.5545120239258,2019,1,1,"Y","missing","harmonized_nighttime_light_data"
"forest_cover_data","percent","HU2","1/1/2017",29.0187091827393,2017,1,1,"Y","missing","harmonized_nighttime_light_data"
"forest_cover_data","percent","HU2","1/1/2016",28.9155864715576,2016,1,1,"Y","missing","harmonized_nighttime_light_data"
"forest_cover_data","percent","ITF","1/1/2018",29.1926326751709,2018,1,1,"Y","missing","harmonized_nighttime_light_data"
"forest_cover_data","percent","ITF","1/1/2017",29.9095764160156,2017,1,1,"Y","missing","harmonized_nighttime_light_data"
"forest_cover_data","percent","ITF","1/1/2019",28.2098426818848,2019,1,1,"Y","missing","harmonized_nighttime_light_data"
"forest_cover_data","percent","ITF","1/1/2016",29.2786064147949,2016,1,1,"Y","missing","harmonized_nighttime_light_data"
"forest_cover_data","percent","ITF","1/1/2015",29.9219532012939,2015,1,1,"Y","missing","harmonized_nighttime_light_data"
"forest_cover_data","percent","HU3","1/1/2016",18.8457202911377,2016,1,1,"Y","missing","harmonized_nighttime_light_data"
"forest_cover_data","percent","HU3","1/1/2019",15.541820526123,2019,1,1,"Y","missing","harmonized_nighttime_light_data"
"forest_cover_data","percent","HU3","1/1/2018",17.2154960632324,2018,1,1,"Y","missing","harmonized_nighttime_light_data"
"forest_cover_data","percent","HU3","1/1/2017",17.9858322143555,2017,1,1,"Y","missing","harmonized_nighttime_light_data"
"forest_cover_data","percent","HU3","1/1/2015",19.765157699585,2015,1,1,"Y","missing","harmonized_nighttime_light_data"
"forest_cover_data","percent","IE0","1/1/2018",14.5079469680786,2018,1,1,"Y","missing","harmonized_nighttime_light_data"
"forest_cover_data","percent","IE0","1/1/2017",15.2943363189697,2017,1,1,"Y","missing","harmonized_nighttime_light_data"
"forest_cover_data","percent","IE0","1/1/2015",15.1206569671631,2015,1,1,"Y","missing","harmonized_nighttime_light_data"
"forest_cover_data","percent","IE0","1/1/2016",15.7911510467529,2016,1,1,"Y","missing","harmonized_nighttime_light_data"
"forest_cover_data","percent","IE0","1/1/2019",11.6105098724365,2019,1,1,"Y","missing","harmonized_nighttime_light_data"
"forest_cover_data","percent","IS0","1/1/2016",0.768688976764679,2016,1,1,"Y","missing","harmonized_nighttime_light_data"
"forest_cover_data","percent","IS0","1/1/2019",1.08541929721832,2019,1,1,"Y","missing","harmonized_nighttime_light_data"
"forest_cover_data","percent","IS0","1/1/2015",0.566517353057861,2015,1,1,"Y","missing","harmonized_nighttime_light_data"
"forest_cover_data","percent","IS0","1/1/2018",0.881438791751862,2018,1,1,"Y","missing","harmonized_nighttime_light_data"
"forest_cover_data","percent","IS0","1/1/2017",0.942002058029175,2017,1,1,"Y","missing","harmonized_nighttime_light_data"
"forest_cover_data","percent","AT2","1/1/2019",52.4297256469727,2019,1,1,"Y","missing","harmonized_nighttime_light_data"
"forest_cover_data","percent","AT2","1/1/2017",55.3336601257324,2017,1,1,"Y","missing","harmonized_nighttime_light_data"
"forest_cover_data","percent","AT2","1/1/2015",58.160285949707,2015,1,1,"Y","missing","harmonized_nighttime_light_data"
"forest_cover_data","percent","AT2","1/1/2016",56.5576324462891,2016,1,1,"Y","missing","harmonized_nighttime_light_data"
"forest_cover_data","percent","AT2","1/1/2018",54.5307312011719,2018,1,1,"Y","missing","harmonized_nighttime_light_data"
"forest_cover_data","percent","PL4","1/1/2018",36.1590194702148,2018,1,1,"Y","missing","harmonized_nighttime_light_data"
"forest_cover_data","percent","PL4","1/1/2017",37.1297607421875,2017,1,1,"Y","missing","harmonized_nighttime_light_data"
"forest_cover_data","percent","PL4","1/1/2015",38.9855194091797,2015,1,1,"Y","missing","harmonized_nighttime_light_data"
"forest_cover_data","percent","PL4","1/1/2016",37.8695678710938,2016,1,1,"Y","missing","harmonized_nighttime_light_data"
"forest_cover_data","percent","PL4","1/1/2019",34.1903343200684,2019,1,1,"Y","missing","harmonized_nighttime_light_data"
"forest_cover_data","percent","PL8","1/1/2015",37.0073280334473,2015,1,1,"Y","missing","harmonized_nighttime_light_data"
"forest_cover_data","percent","PL8","1/1/2016",36.640811920166,2016,1,1,"Y","missing","harmonized_nighttime_light_data"
"forest_cover_data","percent","PL8","1/1/2018",35.6425399780273,2018,1,1,"Y","missing","harmonized_nighttime_light_data"
"forest_cover_data","percent","PL8","1/1/2019",32.9096145629883,2019,1,1,"Y","missing","harmonized_nighttime_light_data"
"forest_cover_data","percent","PL8","1/1/2017",36.3382110595703,2017,1,1,"Y","missing","harmonized_nighttime_light_data"
"forest_cover_data","percent","RO2","1/1/2018",26.1058254241943,2018,1,1,"Y","missing","harmonized_nighttime_light_data"
"forest_cover_data","percent","RO2","1/1/2016",26.5028610229492,2016,1,1,"Y","missing","harmonized_nighttime_light_data"
"forest_cover_data","percent","RO2","1/1/2017",26.5556163787842,2017,1,1,"Y","missing","harmonized_nighttime_light_data"
"forest_cover_data","percent","RO2","1/1/2019",23.8202610015869,2019,1,1,"Y","missing","harmonized_nighttime_light_data"
"forest_cover_data","percent","RO2","1/1/2015",26.6967010498047,2015,1,1,"Y","missing","harmonized_nighttime_light_data"
"forest_cover_data","percent","PL9","1/1/2016",30.091423034668,2016,1,1,"Y","missing","harmonized_nighttime_light_data"
"forest_cover_data","percent","PL9","1/1/2019",28.0282516479492,2019,1,1,"Y","missing","harmonized_nighttime_light_data"
"forest_cover_data","percent","PL9","1/1/2015",30.7974452972412,2015,1,1,"Y","missing","harmonized_nighttime_light_data"
"forest_cover_data","percent","PL9","1/1/2017",30.2098789215088,2017,1,1,"Y","missing","harmonized_nighttime_light_data"
"forest_cover_data","percent","PL9","1/1/2018",29.8316898345947,2018,1,1,"Y","missing","harmonized_nighttime_light_data"
"forest_cover_data","percent","RS2","1/1/2019",48.3917694091797,2019,1,1,"Y","missing","harmonized_nighttime_light_data"
"forest_cover_data","percent","RS2","1/1/2017",49.7086906433105,2017,1,1,"Y","missing","harmonized_nighttime_light_data"
"forest_cover_data","percent","RS2","1/1/2015",50.6928253173828,2015,1,1,"Y","missing","harmonized_nighttime_light_data"
"forest_cover_data","percent","RS2","1/1/2016",49.7093734741211,2016,1,1,"Y","missing","harmonized_nighttime_light_data"
"forest_cover_data","percent","RS2","1/1/2018",49.3108253479004,2018,1,1,"Y","missing","harmonized_nighttime_light_data"
"forest_cover_data","percent","SE1","1/1/2017",55.065113067627,2017,1,1,"Y","missing","harmonized_nighttime_light_data"
"forest_cover_data","percent","SE1","1/1/2015",56.8477745056152,2015,1,1,"Y","missing","harmonized_nighttime_light_data"
"forest_cover_data","percent","SE1","1/1/2018",52.6159973144531,2018,1,1,"Y","missing","harmonized_nighttime_light_data"
"forest_cover_data","percent","SE1","1/1/2019",52.3251037597656,2019,1,1,"Y","missing","harmonized_nighttime_light_data"
"forest_cover_data","percent","SE1","1/1/2016",55.2050552368164,2016,1,1,"Y","missing","harmonized_nighttime_light_data"
"forest_cover_data","percent","SE2","1/1/2015",56.531364440918,2015,1,1,"Y","missing","harmonized_nighttime_light_data"
"forest_cover_data","percent","SE2","1/1/2018",52.7455978393555,2018,1,1,"Y","missing","harmonized_nighttime_light_data"
"forest_cover_data","percent","SE2","1/1/2016",55.6151466369629,2016,1,1,"Y","missing","harmonized_nighttime_light_data"
"forest_cover_data","percent","SE2","1/1/2019",52.2556266784668,2019,1,1,"Y","missing","harmonized_nighttime_light_data"
"forest_cover_data","percent","SE2","1/1/2017",54.8194618225098,2017,1,1,"Y","missing","harmonized_nighttime_light_data"
"forest_cover_data","percent","SE3","1/1/2018",50.4694137573242,2018,1,1,"Y","missing","harmonized_nighttime_light_data"
"forest_cover_data","percent","SE3","1/1/2016",52.7728691101074,2016,1,1,"Y","missing","harmonized_nighttime_light_data"
"forest_cover_data","percent","SE3","1/1/2019",50.1495971679688,2019,1,1,"Y","missing","harmonized_nighttime_light_data"
"forest_cover_data","percent","SE3","1/1/2017",52.1055183410645,2017,1,1,"Y","missing","harmonized_nighttime_light_data"
"forest_cover_data","percent","SE3","1/1/2015",53.5446586608887,2015,1,1,"Y","missing","harmonized_nighttime_light_data"
"forest_cover_data","percent","PL7","1/1/2016",32.4464454650879,2016,1,1,"Y","missing","harmonized_nighttime_light_data"
"forest_cover_data","percent","PL7","1/1/2019",29.4816055297852,2019,1,1,"Y","missing","harmonized_nighttime_light_data"
"forest_cover_data","percent","PL7","1/1/2017",32.1333351135254,2017,1,1,"Y","missing","harmonized_nighttime_light_data"
"forest_cover_data","percent","PL7","1/1/2015",33.475456237793,2015,1,1,"Y","missing","harmonized_nighttime_light_data"
"forest_cover_data","percent","PL7","1/1/2018",31.4425373077393,2018,1,1,"Y","missing","harmonized_nighttime_light_data"
"forest_cover_data","percent","RO4","1/1/2019",35.802001953125,2019,1,1,"Y","missing","harmonized_nighttime_light_data"
"forest_cover_data","percent","RO4","1/1/2017",38.5771408081055,2017,1,1,"Y","missing","harmonized_nighttime_light_data"
"forest_cover_data","percent","RO4","1/1/2015",39.944938659668,2015,1,1,"Y","missing","harmonized_nighttime_light_data"
"forest_cover_data","percent","RO4","1/1/2018",38.0854606628418,2018,1,1,"Y","missing","harmonized_nighttime_light_data"
"forest_cover_data","percent","RO4","1/1/2016",38.8666381835938,2016,1,1,"Y","missing","harmonized_nighttime_light_data"
"forest_cover_data","percent","PL2","1/1/2017",39.8024520874023,2017,1,1,"Y","missing","harmonized_nighttime_light_data"
"forest_cover_data","percent","PL2","1/1/2015",41.2739295959473,2015,1,1,"Y","missing","harmonized_nighttime_light_data"
"forest_cover_data","percent","PL2","1/1/2018",39.4003562927246,2018,1,1,"Y","missing","harmonized_nighttime_light_data"
"forest_cover_data","percent","PL2","1/1/2016",40.2325286865234,2016,1,1,"Y","missing","harmonized_nighttime_light_data"
"forest_cover_data","percent","PL2","1/1/2019",36.6666679382324,2019,1,1,"Y","missing","harmonized_nighttime_light_data"
"forest_cover_data","percent","RS1","1/1/2018",9.97187519073486,2018,1,1,"Y","missing","harmonized_nighttime_light_data"
"forest_cover_data","percent","RS1","1/1/2015",12.3646755218506,2015,1,1,"Y","missing","harmonized_nighttime_light_data"
"forest_cover_data","percent","RS1","1/1/2016",11.4620399475098,2016,1,1,"Y","missing","harmonized_nighttime_light_data"
"forest_cover_data","percent","RS1","1/1/2019",9.65101146697998,2019,1,1,"Y","missing","harmonized_nighttime_light_data"
"forest_cover_data","percent","RS1","1/1/2017",10.6547956466675,2017,1,1,"Y","missing","harmonized_nighttime_light_data"
"forest_cover_data","percent","UKH","1/1/2016",9.70759677886963,2016,1,1,"Y","missing","harmonized_nighttime_light_data"
"forest_cover_data","percent","UKH","1/1/2018",8.90181732177734,2018,1,1,"Y","missing","harmonized_nighttime_light_data"
"forest_cover_data","percent","UKH","1/1/2019",7.20885992050171,2019,1,1,"Y","missing","harmonized_nighttime_light_data"
"forest_cover_data","percent","UKH","1/1/2017",8.97726345062256,2017,1,1,"Y","missing","harmonized_nighttime_light_data"
"forest_cover_data","percent","UKH","1/1/2015",10.5294771194458,2015,1,1,"Y","missing","harmonized_nighttime_light_data"
"forest_cover_data","percent","UKI","1/1/2016",8.63395595550537,2016,1,1,"Y","missing","harmonized_nighttime_light_data"
"forest_cover_data","percent","UKI","1/1/2017",8.14487552642822,2017,1,1,"Y","missing","harmonized_nighttime_light_data"
"forest_cover_data","percent","UKI","1/1/2019",6.5844464302063,2019,1,1,"Y","missing","harmonized_nighttime_light_data"
"forest_cover_data","percent","UKI","1/1/2015",8.93122100830078,2015,1,1,"Y","missing","harmonized_nighttime_light_data"
"forest_cover_data","percent","UKI","1/1/2018",8.15369510650635,2018,1,1,"Y","missing","harmonized_nighttime_light_data"
"forest_cover_data","percent","UKC","1/1/2019",11.028920173645,2019,1,1,"Y","missing","harmonized_nighttime_light_data"
"forest_cover_data","percent","UKC","1/1/2015",15.8323183059692,2015,1,1,"Y","missing","harmonized_nighttime_light_data"
"forest_cover_data","percent","UKC","1/1/2017",14.1314888000488,2017,1,1,"Y","missing","harmonized_nighttime_light_data"
"forest_cover_data","percent","UKC","1/1/2018",13.4639415740967,2018,1,1,"Y","missing","harmonized_nighttime_light_data"
"forest_cover_data","percent","UKC","1/1/2016",15.0551671981812,2016,1,1,"Y","missing","harmonized_nighttime_light_data"
"forest_cover_data","percent","UKJ","1/1/2017",15.9546012878418,2017,1,1,"Y","missing","harmonized_nighttime_light_data"
"forest_cover_data","percent","UKJ","1/1/2015",17.4438781738281,2015,1,1,"Y","missing","harmonized_nighttime_light_data"
"forest_cover_data","percent","UKJ","1/1/2016",16.8142509460449,2016,1,1,"Y","missing","harmonized_nighttime_light_data"
"forest_cover_data","percent","UKJ","1/1/2018",15.9678564071655,2018,1,1,"Y","missing","harmonized_nighttime_light_data"
"forest_cover_data","percent","UKJ","1/1/2019",13.3044519424438,2019,1,1,"Y","missing","harmonized_nighttime_light_data"
"forest_cover_data","percent","UKD","1/1/2015",13.4760646820068,2015,1,1,"Y","missing","harmonized_nighttime_light_data"
"forest_cover_data","percent","UKD","1/1/2018",14.7223625183105,2018,1,1,"Y","missing","harmonized_nighttime_light_data"
"forest_cover_data","percent","UKD","1/1/2019",10.9598817825317,2019,1,1,"Y","missing","harmonized_nighttime_light_data"
"forest_cover_data","percent","UKD","1/1/2017",13.6108846664429,2017,1,1,"Y","missing","harmonized_nighttime_light_data"
"forest_cover_data","percent","UKD","1/1/2016",13.8018665313721,2016,1,1,"Y","missing","harmonized_nighttime_light_data"
"forest_cover_data","percent","UKN","1/1/2016",15.1634559631348,2016,1,1,"Y","missing","harmonized_nighttime_light_data"
"forest_cover_data","percent","UKN","1/1/2018",13.1469602584839,2018,1,1,"Y","missing","harmonized_nighttime_light_data"
"forest_cover_data","percent","UKN","1/1/2019",10.4643402099609,2019,1,1,"Y","missing","harmonized_nighttime_light_data"
"forest_cover_data","percent","UKN","1/1/2017",13.6341228485107,2017,1,1,"Y","missing","harmonized_nighttime_light_data"
"forest_cover_data","percent","UKN","1/1/2015",14.5314569473267,2015,1,1,"Y","missing","harmonized_nighttime_light_data"
"forest_cover_data","percent","SK0","1/1/2017",44.206714630127,2017,1,1,"Y","missing","harmonized_nighttime_light_data"
"forest_cover_data","percent","SK0","1/1/2016",45.0513191223145,2016,1,1,"Y","missing","harmonized_nighttime_light_data"
"forest_cover_data","percent","SK0","1/1/2019",38.7050895690918,2019,1,1,"Y","missing","harmonized_nighttime_light_data"
"forest_cover_data","percent","SK0","1/1/2015",46.5935173034668,2015,1,1,"Y","missing","harmonized_nighttime_light_data"
"forest_cover_data","percent","SK0","1/1/2018",43.6471405029297,2018,1,1,"Y","missing","harmonized_nighttime_light_data"
"forest_cover_data","percent","PT1","1/1/2015",24.8634662628174,2015,1,1,"Y","missing","harmonized_nighttime_light_data"
"forest_cover_data","percent","PT1","1/1/2018",20.0555953979492,2018,1,1,"Y","missing","harmonized_nighttime_light_data"
"forest_cover_data","percent","PT1","1/1/2019",20.1744270324707,2019,1,1,"Y","missing","harmonized_nighttime_light_data"
"forest_cover_data","percent","PT1","1/1/2017",22.8900489807129,2017,1,1,"Y","missing","harmonized_nighttime_light_data"
"forest_cover_data","percent","PT1","1/1/2016",22.3635120391846,2016,1,1,"Y","missing","harmonized_nighttime_light_data"
"forest_cover_data","percent","PT2","1/1/2019",NA,2019,1,1,"Y","missing","harmonized_nighttime_light_data"
"forest_cover_data","percent","PT2","1/1/2017",NA,2017,1,1,"Y","missing","harmonized_nighttime_light_data"
"forest_cover_data","percent","PT2","1/1/2016",NA,2016,1,1,"Y","missing","harmonized_nighttime_light_data"
"forest_cover_data","percent","PT2","1/1/2015",NA,2015,1,1,"Y","missing","harmonized_nighttime_light_data"
"forest_cover_data","percent","PT2","1/1/2018",NA,2018,1,1,"Y","missing","harmonized_nighttime_light_data"
"forest_cover_data","percent","PT3","1/1/2019",28.5813751220703,2019,1,1,"Y","missing","harmonized_nighttime_light_data"
"forest_cover_data","percent","PT3","1/1/2018",39.1029624938965,2018,1,1,"Y","missing","harmonized_nighttime_light_data"
"forest_cover_data","percent","PT3","1/1/2015",36.7396583557129,2015,1,1,"Y","missing","harmonized_nighttime_light_data"
"forest_cover_data","percent","PT3","1/1/2017",38.2168312072754,2017,1,1,"Y","missing","harmonized_nighttime_light_data"
"forest_cover_data","percent","PT3","1/1/2016",37.5486145019531,2016,1,1,"Y","missing","harmonized_nighttime_light_data"
"forest_cover_data","percent","UKE","1/1/2018",11.3713893890381,2018,1,1,"Y","missing","harmonized_nighttime_light_data"
"forest_cover_data","percent","UKE","1/1/2017",11.5287466049194,2017,1,1,"Y","missing","harmonized_nighttime_light_data"
"forest_cover_data","percent","UKE","1/1/2015",12.8395214080811,2015,1,1,"Y","missing","harmonized_nighttime_light_data"
"forest_cover_data","percent","UKE","1/1/2016",12.1694784164429,2016,1,1,"Y","missing","harmonized_nighttime_light_data"
"forest_cover_data","percent","UKE","1/1/2019",9.15726947784424,2019,1,1,"Y","missing","harmonized_nighttime_light_data"
"forest_cover_data","percent","PL5","1/1/2017",32.1370887756348,2017,1,1,"Y","missing","harmonized_nighttime_light_data"
"forest_cover_data","percent","PL5","1/1/2018",31.5869770050049,2018,1,1,"Y","missing","harmonized_nighttime_light_data"
"forest_cover_data","percent","PL5","1/1/2016",32.2170333862305,2016,1,1,"Y","missing","harmonized_nighttime_light_data"
"forest_cover_data","percent","PL5","1/1/2019",29.6067600250244,2019,1,1,"Y","missing","harmonized_nighttime_light_data"
"forest_cover_data","percent","PL5","1/1/2015",33.0226173400879,2015,1,1,"Y","missing","harmonized_nighttime_light_data"
"forest_cover_data","percent","UKK","1/1/2017",12.9857187271118,2017,1,1,"Y","missing","harmonized_nighttime_light_data"
"forest_cover_data","percent","UKK","1/1/2019",10.5763206481934,2019,1,1,"Y","missing","harmonized_nighttime_light_data"
"forest_cover_data","percent","UKK","1/1/2015",13.4138307571411,2015,1,1,"Y","missing","harmonized_nighttime_light_data"
"forest_cover_data","percent","UKK","1/1/2016",13.2630071640015,2016,1,1,"Y","missing","harmonized_nighttime_light_data"
"forest_cover_data","percent","UKK","1/1/2018",13.176736831665,2018,1,1,"Y","missing","harmonized_nighttime_light_data"
"forest_cover_data","percent","RO3","1/1/2016",23.4494514465332,2016,1,1,"Y","missing","harmonized_nighttime_light_data"
"forest_cover_data","percent","RO3","1/1/2019",19.0352973937988,2019,1,1,"Y","missing","harmonized_nighttime_light_data"
"forest_cover_data","percent","RO3","1/1/2017",22.9394264221191,2017,1,1,"Y","missing","harmonized_nighttime_light_data"
"forest_cover_data","percent","RO3","1/1/2018",22.4040126800537,2018,1,1,"Y","missing","harmonized_nighttime_light_data"
"forest_cover_data","percent","RO3","1/1/2015",23.8164119720459,2015,1,1,"Y","missing","harmonized_nighttime_light_data"
"forest_cover_data","percent","UKF","1/1/2016",9.76514911651611,2016,1,1,"Y","missing","harmonized_nighttime_light_data"
"forest_cover_data","percent","UKF","1/1/2019",6.8851432800293,2019,1,1,"Y","missing","harmonized_nighttime_light_data"
"forest_cover_data","percent","UKF","1/1/2015",10.144850730896,2015,1,1,"Y","missing","harmonized_nighttime_light_data"
"forest_cover_data","percent","UKF","1/1/2018",8.79772472381592,2018,1,1,"Y","missing","harmonized_nighttime_light_data"
"forest_cover_data","percent","UKF","1/1/2017",9.3489818572998,2017,1,1,"Y","missing","harmonized_nighttime_light_data"
"forest_cover_data","percent","RO1","1/1/2018",42.8618583679199,2018,1,1,"Y","missing","harmonized_nighttime_light_data"
"forest_cover_data","percent","RO1","1/1/2016",43.7114334106445,2016,1,1,"Y","missing","harmonized_nighttime_light_data"
"forest_cover_data","percent","RO1","1/1/2015",44.1047096252441,2015,1,1,"Y","missing","harmonized_nighttime_light_data"
"forest_cover_data","percent","RO1","1/1/2019",42.0896682739258,2019,1,1,"Y","missing","harmonized_nighttime_light_data"
"forest_cover_data","percent","RO1","1/1/2017",43.2932167053223,2017,1,1,"Y","missing","harmonized_nighttime_light_data"
"forest_cover_data","percent","SI0","1/1/2015",62.2455749511719,2015,1,1,"Y","missing","harmonized_nighttime_light_data"
"forest_cover_data","percent","SI0","1/1/2018",61.1116561889648,2018,1,1,"Y","missing","harmonized_nighttime_light_data"
"forest_cover_data","percent","SI0","1/1/2017",61.1485633850098,2017,1,1,"Y","missing","harmonized_nighttime_light_data"
"forest_cover_data","percent","SI0","1/1/2016",61.4235038757324,2016,1,1,"Y","missing","harmonized_nighttime_light_data"
"forest_cover_data","percent","SI0","1/1/2019",59.5889053344727,2019,1,1,"Y","missing","harmonized_nighttime_light_data"
"forest_cover_data","percent","PL6","1/1/2017",33.2310676574707,2017,1,1,"Y","missing","harmonized_nighttime_light_data"
"forest_cover_data","percent","PL6","1/1/2015",34.2773094177246,2015,1,1,"Y","missing","harmonized_nighttime_light_data"
"forest_cover_data","percent","PL6","1/1/2019",30.8589534759521,2019,1,1,"Y","missing","harmonized_nighttime_light_data"
"forest_cover_data","percent","PL6","1/1/2018",33.0261497497559,2018,1,1,"Y","missing","harmonized_nighttime_light_data"
"forest_cover_data","percent","PL6","1/1/2016",33.4180107116699,2016,1,1,"Y","missing","harmonized_nighttime_light_data"
"forest_cover_data","percent","UKG","1/1/2017",11.9814987182617,2017,1,1,"Y","missing","harmonized_nighttime_light_data"
"forest_cover_data","percent","UKG","1/1/2016",12.3123950958252,2016,1,1,"Y","missing","harmonized_nighttime_light_data"
"forest_cover_data","percent","UKG","1/1/2019",9.17725849151611,2019,1,1,"Y","missing","harmonized_nighttime_light_data"
"forest_cover_data","percent","UKG","1/1/2015",12.900071144104,2015,1,1,"Y","missing","harmonized_nighttime_light_data"
"forest_cover_data","percent","UKG","1/1/2018",11.7978601455688,2018,1,1,"Y","missing","harmonized_nighttime_light_data"
"forest_cover_data","percent","LV0","1/1/2019",48.6555023193359,2019,1,1,"Y","missing","harmonized_nighttime_light_data"
"forest_cover_data","percent","LV0","1/1/2016",56.5711402893066,2016,1,1,"Y","missing","harmonized_nighttime_light_data"
"forest_cover_data","percent","LV0","1/1/2017",54.604419708252,2017,1,1,"Y","missing","harmonized_nighttime_light_data"
"forest_cover_data","percent","LV0","1/1/2015",56.5250663757324,2015,1,1,"Y","missing","harmonized_nighttime_light_data"
"forest_cover_data","percent","LV0","1/1/2018",53.4487037658691,2018,1,1,"Y","missing","harmonized_nighttime_light_data"
"forest_cover_data","percent","ME0","1/1/2016",41.0952339172363,2016,1,1,"Y","missing","harmonized_nighttime_light_data"
"forest_cover_data","percent","ME0","1/1/2018",40.3472213745117,2018,1,1,"Y","missing","harmonized_nighttime_light_data"
"forest_cover_data","percent","ME0","1/1/2019",39.6251678466797,2019,1,1,"Y","missing","harmonized_nighttime_light_data"
"forest_cover_data","percent","ME0","1/1/2015",42.7339973449707,2015,1,1,"Y","missing","harmonized_nighttime_light_data"
"forest_cover_data","percent","ME0","1/1/2017",41.2181587219238,2017,1,1,"Y","missing","harmonized_nighttime_light_data"
"forest_cover_data","percent","UKL","1/1/2019",13.4702997207642,2019,1,1,"Y","missing","harmonized_nighttime_light_data"
"forest_cover_data","percent","UKL","1/1/2015",17.3503189086914,2015,1,1,"Y","missing","harmonized_nighttime_light_data"
"forest_cover_data","percent","UKL","1/1/2018",17.2026081085205,2018,1,1,"Y","missing","harmonized_nighttime_light_data"
"forest_cover_data","percent","UKL","1/1/2016",16.8245220184326,2016,1,1,"Y","missing","harmonized_nighttime_light_data"
"forest_cover_data","percent","UKL","1/1/2017",16.7541847229004,2017,1,1,"Y","missing","harmonized_nighttime_light_data"
"forest_cover_data","percent","UKM","1/1/2015",14.1755990982056,2015,1,1,"Y","missing","harmonized_nighttime_light_data"
"forest_cover_data","percent","UKM","1/1/2018",12.9351110458374,2018,1,1,"Y","missing","harmonized_nighttime_light_data"
"forest_cover_data","percent","UKM","1/1/2019",10.2728157043457,2019,1,1,"Y","missing","harmonized_nighttime_light_data"
"forest_cover_data","percent","UKM","1/1/2017",12.8409156799316,2017,1,1,"Y","missing","harmonized_nighttime_light_data"
"forest_cover_data","percent","UKM","1/1/2016",13.3074951171875,2016,1,1,"Y","missing","harmonized_nighttime_light_data"
"forest_cover_data","percent","MK0","1/1/2018",34.5888519287109,2018,1,1,"Y","missing","harmonized_nighttime_light_data"
"forest_cover_data","percent","MK0","1/1/2017",35.4525947570801,2017,1,1,"Y","missing","harmonized_nighttime_light_data"
"forest_cover_data","percent","MK0","1/1/2015",37.444766998291,2015,1,1,"Y","missing","harmonized_nighttime_light_data"
"forest_cover_data","percent","MK0","1/1/2016",36.0554008483887,2016,1,1,"Y","missing","harmonized_nighttime_light_data"
"forest_cover_data","percent","MK0","1/1/2019",33.6475830078125,2019,1,1,"Y","missing","harmonized_nighttime_light_data"
"forest_cover_data","percent","NL1","1/1/2016",13.7084379196167,2016,1,1,"Y","missing","harmonized_nighttime_light_data"
"forest_cover_data","percent","NL1","1/1/2017",13.0743923187256,2017,1,1,"Y","missing","harmonized_nighttime_light_data"
"forest_cover_data","percent","NL1","1/1/2018",13.0765466690063,2018,1,1,"Y","missing","harmonized_nighttime_light_data"
"forest_cover_data","percent","NL1","1/1/2019",12.4648599624634,2019,1,1,"Y","missing","harmonized_nighttime_light_data"
"forest_cover_data","percent","NL1","1/1/2015",13.5101480484009,2015,1,1,"Y","missing","harmonized_nighttime_light_data"
"forest_cover_data","percent","NL2","1/1/2018",21.7467136383057,2018,1,1,"Y","missing","harmonized_nighttime_light_data"
"forest_cover_data","percent","NL2","1/1/2016",22.7578105926514,2016,1,1,"Y","missing","harmonized_nighttime_light_data"
"forest_cover_data","percent","NL2","1/1/2017",22.0190563201904,2017,1,1,"Y","missing","harmonized_nighttime_light_data"
"forest_cover_data","percent","NL2","1/1/2019",20.3207969665527,2019,1,1,"Y","missing","harmonized_nighttime_light_data"
"forest_cover_data","percent","NL2","1/1/2015",22.7919216156006,2015,1,1,"Y","missing","harmonized_nighttime_light_data"
"forest_cover_data","percent","NL3","1/1/2018",11.1686325073242,2018,1,1,"Y","missing","harmonized_nighttime_light_data"
"forest_cover_data","percent","NL3","1/1/2016",11.3053503036499,2016,1,1,"Y","missing","harmonized_nighttime_light_data"
"forest_cover_data","percent","NL3","1/1/2015",11.5565528869629,2015,1,1,"Y","missing","harmonized_nighttime_light_data"
"forest_cover_data","percent","NL3","1/1/2019",10.8085289001465,2019,1,1,"Y","missing","harmonized_nighttime_light_data"
"forest_cover_data","percent","NL3","1/1/2017",11.0833616256714,2017,1,1,"Y","missing","harmonized_nighttime_light_data"
"forest_cover_data","percent","TR1","1/1/2016",39.2103881835938,2016,1,1,"Y","missing","harmonized_nighttime_light_data"
"forest_cover_data","percent","TR1","1/1/2017",39.3291969299316,2017,1,1,"Y","missing","harmonized_nighttime_light_data"
"forest_cover_data","percent","TR1","1/1/2015",39.6571388244629,2015,1,1,"Y","missing","harmonized_nighttime_light_data"
"forest_cover_data","percent","TR1","1/1/2018",39.4595108032227,2018,1,1,"Y","missing","harmonized_nighttime_light_data"
"forest_cover_data","percent","TR1","1/1/2019",38.4788093566895,2019,1,1,"Y","missing","harmonized_nighttime_light_data"
"forest_cover_data","percent","TR2","1/1/2015",30.3412055969238,2015,1,1,"Y","missing","harmonized_nighttime_light_data"
"forest_cover_data","percent","TR2","1/1/2018",30.5256824493408,2018,1,1,"Y","missing","harmonized_nighttime_light_data"
"forest_cover_data","percent","TR2","1/1/2016",29.9300556182861,2016,1,1,"Y","missing","harmonized_nighttime_light_data"
"forest_cover_data","percent","TR2","1/1/2017",29.978385925293,2017,1,1,"Y","missing","harmonized_nighttime_light_data"
"forest_cover_data","percent","TR2","1/1/2019",30.2281818389893,2019,1,1,"Y","missing","harmonized_nighttime_light_data"
"forest_cover_data","percent","TRC","1/1/2015",4.94222116470337,2015,1,1,"Y","missing","harmonized_nighttime_light_data"
"forest_cover_data","percent","TRC","1/1/2018",5.20099782943726,2018,1,1,"Y","missing","harmonized_nighttime_light_data"
"forest_cover_data","percent","TRC","1/1/2019",5.47460031509399,2019,1,1,"Y","missing","harmonized_nighttime_light_data"
"forest_cover_data","percent","TRC","1/1/2016",4.68412780761719,2016,1,1,"Y","missing","harmonized_nighttime_light_data"
"forest_cover_data","percent","TRC","1/1/2017",4.86418056488037,2017,1,1,"Y","missing","harmonized_nighttime_light_data"
"forest_cover_data","percent","TR7","1/1/2018",4.61096525192261,2018,1,1,"Y","missing","harmonized_nighttime_light_data"
"forest_cover_data","percent","TR7","1/1/2017",4.72751140594482,2017,1,1,"Y","missing","harmonized_nighttime_light_data"
"forest_cover_data","percent","TR7","1/1/2019",4.69695043563843,2019,1,1,"Y","missing","harmonized_nighttime_light_data"
"forest_cover_data","percent","TR7","1/1/2015",5.63015604019165,2015,1,1,"Y","missing","harmonized_nighttime_light_data"
"forest_cover_data","percent","TR7","1/1/2016",4.78096199035645,2016,1,1,"Y","missing","harmonized_nighttime_light_data"
"forest_cover_data","percent","TR6","1/1/2016",26.5938262939453,2016,1,1,"Y","missing","harmonized_nighttime_light_data"
"forest_cover_data","percent","TR6","1/1/2017",26.3533229827881,2017,1,1,"Y","missing","harmonized_nighttime_light_data"
"forest_cover_data","percent","TR6","1/1/2015",27.1702175140381,2015,1,1,"Y","missing","harmonized_nighttime_light_data"
"forest_cover_data","percent","TR6","1/1/2019",26.0579051971436,2019,1,1,"Y","missing","harmonized_nighttime_light_data"
"forest_cover_data","percent","TR6","1/1/2018",26.3324871063232,2018,1,1,"Y","missing","harmonized_nighttime_light_data"
"forest_cover_data","percent","TR8","1/1/2017",41.887378692627,2017,1,1,"Y","missing","harmonized_nighttime_light_data"
"forest_cover_data","percent","TR8","1/1/2018",41.9449920654297,2018,1,1,"Y","missing","harmonized_nighttime_light_data"
"forest_cover_data","percent","TR8","1/1/2016",41.7560157775879,2016,1,1,"Y","missing","harmonized_nighttime_light_data"
"forest_cover_data","percent","TR8","1/1/2019",41.3479194641113,2019,1,1,"Y","missing","harmonized_nighttime_light_data"
"forest_cover_data","percent","TR8","1/1/2015",42.5723876953125,2015,1,1,"Y","missing","harmonized_nighttime_light_data"
"forest_cover_data","percent","TR4","1/1/2017",39.4924163818359,2017,1,1,"Y","missing","harmonized_nighttime_light_data"
"forest_cover_data","percent","TR4","1/1/2016",39.4898910522461,2016,1,1,"Y","missing","harmonized_nighttime_light_data"
"forest_cover_data","percent","TR4","1/1/2018",39.4794120788574,2018,1,1,"Y","missing","harmonized_nighttime_light_data"
"forest_cover_data","percent","TR4","1/1/2019",38.8977241516113,2019,1,1,"Y","missing","harmonized_nighttime_light_data"
"forest_cover_data","percent","TR4","1/1/2015",40.0199127197266,2015,1,1,"Y","missing","harmonized_nighttime_light_data"
"forest_cover_data","percent","TR3","1/1/2016",29.4595794677734,2016,1,1,"Y","missing","harmonized_nighttime_light_data"
"forest_cover_data","percent","TR3","1/1/2017",29.4795970916748,2017,1,1,"Y","missing","harmonized_nighttime_light_data"
"forest_cover_data","percent","TR3","1/1/2019",29.6008262634277,2019,1,1,"Y","missing","harmonized_nighttime_light_data"
"forest_cover_data","percent","TR3","1/1/2018",29.7487564086914,2018,1,1,"Y","missing","harmonized_nighttime_light_data"
"forest_cover_data","percent","TR3","1/1/2015",29.5771045684814,2015,1,1,"Y","missing","harmonized_nighttime_light_data"
"forest_cover_data","percent","TRA","1/1/2015",4.78144216537476,2015,1,1,"Y","missing","harmonized_nighttime_light_data"
"forest_cover_data","percent","TRA","1/1/2019",4.59538650512695,2019,1,1,"Y","missing","harmonized_nighttime_light_data"
"forest_cover_data","percent","TRA","1/1/2016",4.09112930297852,2016,1,1,"Y","missing","harmonized_nighttime_light_data"
"forest_cover_data","percent","TRA","1/1/2017",4.0314245223999,2017,1,1,"Y","missing","harmonized_nighttime_light_data"
"forest_cover_data","percent","TRA","1/1/2018",3.95289039611816,2018,1,1,"Y","missing","harmonized_nighttime_light_data"
"forest_cover_data","percent","TR9","1/1/2015",45.4418792724609,2015,1,1,"Y","missing","harmonized_nighttime_light_data"
"forest_cover_data","percent","TR9","1/1/2016",43.9176864624023,2016,1,1,"Y","missing","harmonized_nighttime_light_data"
"forest_cover_data","percent","TR9","1/1/2017",45.0482025146484,2017,1,1,"Y","missing","harmonized_nighttime_light_data"
"forest_cover_data","percent","TR9","1/1/2018",45.3262367248535,2018,1,1,"Y","missing","harmonized_nighttime_light_data"
"forest_cover_data","percent","TR9","1/1/2019",45.0794525146484,2019,1,1,"Y","missing","harmonized_nighttime_light_data"
"forest_cover_data","percent","TR5","1/1/2015",7.83484029769897,2015,1,1,"Y","missing","harmonized_nighttime_light_data"
"forest_cover_data","percent","TR5","1/1/2016",7.01877927780151,2016,1,1,"Y","missing","harmonized_nighttime_light_data"
"forest_cover_data","percent","TR5","1/1/2017",6.76499128341675,2017,1,1,"Y","missing","harmonized_nighttime_light_data"
"forest_cover_data","percent","TR5","1/1/2018",6.71664094924927,2018,1,1,"Y","missing","harmonized_nighttime_light_data"
"forest_cover_data","percent","TR5","1/1/2019",6.74012279510498,2019,1,1,"Y","missing","harmonized_nighttime_light_data"
"forest_cover_data","percent","TRB","1/1/2016",4.06812810897827,2016,1,1,"Y","missing","harmonized_nighttime_light_data"
"forest_cover_data","percent","TRB","1/1/2017",4.15908193588257,2017,1,1,"Y","missing","harmonized_nighttime_light_data"
"forest_cover_data","percent","TRB","1/1/2018",4.20094919204712,2018,1,1,"Y","missing","harmonized_nighttime_light_data"
"forest_cover_data","percent","TRB","1/1/2015",4.52110290527344,2015,1,1,"Y","missing","harmonized_nighttime_light_data"
"forest_cover_data","percent","TRB","1/1/2019",4.57364511489868,2019,1,1,"Y","missing","harmonized_nighttime_light_data"
